,Value,Txn Fee
0,0.019968107,0.00148784
1,0.0,0.00368645
2,0.0,0.00452821
3,0.0,0.00330232
4,0.0,0.00445936
5,0.0,0.00330318
6,0.0,0.00371855
7,0.00889639,0.00150882
8,0.0,0.00217497
9,0.0,0.0041032
10,0.0,0.00335898
11,0.01737507,0.00152982
12,0.32547199,0.00152982
13,0.0,0.0046047
14,0.00954271,0.00152982
15,0.0,0.00447828
16,0.007281321,0.00148784
17,0.0,0.00327722
18,0.0,0.00412019
19,0.1256375,0.01104441
20,0.1256375,0.01347002
21,0.112,0.00148784
22,0.04,0.00148784
23,0.011995946,0.00148784
24,0.3,0.00148784
25,0.0,0.00169699
26,0.277834272,0.00148784
27,0.0,0.00334326
28,0.048915917,0.00148784
29,0.0,0.00329777
30,0.0,0.00330018
31,0.0,0.00307048
32,0.05431896,0.00148784
33,0.0,0.00407103
34,0.0,0.12805877
35,0.01964792,0.00148784
36,0.078752559,0.00148784
37,0.0,0.00348396
38,0.0,0.00413911
39,0.0,0.00329069
40,0.0,0.00384671
41,0.0,0.00326681
42,0.24,0.00929577
43,0.0,0.00835241
44,0.0,0.01251023
45,0.007334981,0.00732771
46,0.0,0.00153007
47,0.0,0.0032959
48,0.0,0.00328506
49,0.15,0.00148796
50,0.00224032,0.00148796
51,0.0,0.00373372
52,0.13225,0.01081842
53,0.304176,0.0090532
54,0.1256375,0.01346856
55,5.056926,0.01863683
56,0.09,0.01333294
57,0.1256375,0.01347111
58,0.03,0.0095888
59,0.21,0.00988398
60,0.0,0.00904944
61,0.0,0.0175509
62,0.01,0.00603709
63,0.0,0.00424778
64,0.08,0.00148796
66,0.53,0.00148796
67,0.05,0.00148796
69,0.0,0.00327968
70,0.011734851,0.00148829
71,0.00404,0.00148829
72,0.021971359,0.00148829
73,0.25,0.00355737
74,0.0,0.00252124
75,0.31,0.01000601
76,0.2,0.01013216
77,0.105,0.0093608
78,0.0,0.00327906
79,0.1256375,0.01104775
80,0.1,0.00148829
81,0.029495617,0.00148829
82,2.557,0.00148829
83,0.015,0.0039269
84,1.50765,0.01500328
85,0.251275,0.01363547
86,0.05,0.00148829
87,0.0,0.01586904
88,0.251275,0.01363891
89,0.0,0.01725958
90,0.13225,0.01082089
91,3.1786392,0.01686557
92,0.04,0.00148887
93,0.1486,0.00148971
94,0.09194791,0.00150882
95,0.02934406,0.00150882
96,0.05576467,0.00150882
97,0.643722562,0.00150882
98,0.35300566,0.00150882
99,0.01790049,0.00150882
100,0.01,0.00151932
101,0.026,0.00152982
102,0.187,0.00152982
103,0.040937959,0.00152982
104,0.1,0.00152982
105,0.0221,0.00152982
106,0.0342,0.00152982
107,0.01328111,0.00152982
108,0.001113942,0.00152982
109,0.4201,0.00152982
110,0.01749246,0.00152982
111,0.011930282,0.00152984
112,0.033265466,0.00155082
113,0.103014283,0.00158751
114,0.152,0.00161382
115,0.00129438,0.00164117
116,0.050156965,0.00164117
117,0.0,0.003298
118,0.0,0.00333047
119,0.0,0.00448375
120,0.0,0.00332246
121,0.0,0.00651882
122,0.0,0.00249211
123,0.0,0.00328297
124,0.0,0.01102788
125,0.0,0.00446022
126,0.2,0.01117924
127,0.0,0.04666875
128,0.0,0.00455104
129,0.0,0.00469389
130,0.0,0.00457136
131,0.11672426,0.00151932
132,0.0,0.00251255
133,0.0,0.00311938
134,0.0,0.00218597
135,0.0,0.00237895
136,0.0,0.00271959
137,0.0,0.00217176
138,0.0,0.00215676
139,0.0,0.00216426
140,0.0,0.00220994
141,0.0,0.00253404
142,0.0,0.00323354
143,0.0,0.00300931
146,0.0,0.00271034
148,0.0,0.00236153
150,0.0,0.00300843
152,0.0,0.00250956
157,0.0,0.00301018
158,0.0,0.00453475
159,0.0,0.00252528
160,0.0,0.0035926
161,0.0,0.01068604
162,0.0,0.00344327
163,0.0,0.00404982
164,0.35,0.00997801
165,0.015,0.01107101
166,0.0,0.01359432
167,0.0,0.01068057
168,0.0,0.01367894
169,0.0,0.012702
170,0.9,0.01015627
171,0.0,0.00965191
172,0.0,0.00303236
173,0.0,0.00248266
174,0.0,0.01422368
175,0.0,0.00536453
176,0.0,0.00548655
177,0.0,0.00577844
178,0.3785,0.0020378
179,0.0,0.00613254
180,0.12173,0.0020378
181,0.025042239,0.01574872
182,0.15841114,0.00478176
183,0.0,0.01960314
184,0.0,0.00558907
185,0.01173597,0.00132293
186,0.0,0.00297117
187,0.0,0.0039812
188,0.001496336,0.00132293
189,0.0,0.00308035
190,0.0,0.00326845
191,0.0,0.00290395
193,0.0,0.00605329
194,0.069,0.00580187
195,0.0,0.00149062
196,0.023445215,0.00652765
197,0.3,0.00920432
198,0.0,0.00292953
199,0.115,0.00638679
200,0.0685,0.01068134
201,0.09,0.00715289
202,0.0,0.00309647
203,0.1444836,0.01026184
204,0.020719709,0.00791251
205,0.092420763,0.00803321
206,0.02347194,0.00842971
207,0.0,0.00297344
208,1.0,0.01066332
209,0.0,0.00992935
210,0.014653259,0.0088957
211,0.363400845,0.01150023
212,0.0,0.00136047
213,0.095425582,0.00695004
214,0.026332859,0.00132293
215,0.0,0.00297407
216,0.251275,0.01212346
217,0.0,0.00590506
218,0.0,0.03306526
219,0.0,0.00460809
220,0.0,0.02642033
221,0.0,0.02346078
222,0.0,0.00320302
223,0.0,0.00293238
224,0.73,0.00132304
225,0.014672782,0.00132304
226,0.1,0.00132304
227,0.073,0.00132304
228,0.007957362,0.00132304
229,0.2015,0.00132304
230,0.0,0.00291619
231,0.0,0.0029887
232,0.191055447,0.00132304
233,0.00293,0.00132304
234,0.06,0.00132304
235,0.0,0.00350104
236,1.95,0.00132304
237,0.025085178,0.00132304
238,0.04,0.00132304
239,0.0,0.00291934
240,0.01700487,0.00132304
241,0.0,0.00290346
242,0.0,0.00202004
243,0.015,0.00132304
244,0.02,0.00381945
245,0.234688758,0.00132304
246,0.030461643,0.00132304
247,0.249179868,0.00132304
248,0.0,0.00338278
249,0.0,0.00387785
250,0.0,0.0019285
252,0.0,0.00337988
253,0.0,0.00293068
254,0.142,0.00132304
255,0.733098727,0.00132304
256,0.067365791,0.00132304
257,0.0,0.00291316
258,0.12,0.00132304
259,0.123392486,0.00132304
260,0.052747112,0.00132304
261,0.225940956,0.00132304
262,0.13225,0.00746546
263,0.0,0.00537322
264,0.0,0.0032685
265,0.0,0.0031292
266,0.0,0.00284594
267,0.0,0.00398231
268,1.19025,0.01061778
269,0.13225,0.00961939
270,2.0227704,0.01186611
271,0.251275,0.01212531
272,1.98375,0.01134735
273,0.3769125,0.01224312
274,0.39675,0.00988746
275,0.251275,0.0121185
276,0.304176,0.01020298
277,0.66125,0.01012989
278,1.256375,0.01309353
279,0.529,0.0100083
280,0.13225,0.00746395
281,0.08,0.00940278
282,0.10925,0.00813807
284,0.1256375,0.0119758
286,0.251275,0.01211926
287,0.1256375,0.01197429
288,0.92575,0.0103746
289,2.0,0.01236471
290,0.251275,0.01212228
291,0.1256375,0.01197882
292,0.1444836,0.0124114
293,8.3800488,0.02094224
294,0.0,0.00969883
295,4.200171086,0.00879727
296,0.1256375,0.01198034
297,0.0,0.00819938
298,0.5779344,0.01172373
299,0.0,0.01243137
300,0.001730129,0.01356113
301,0.0,0.01218881
302,0.0,0.0114995
303,0.0,0.01810177
304,0.0,0.01513953
305,0.0,0.00290831
306,0.0,0.00338763
307,0.4334508,0.01268174
308,0.025,0.00132304
309,0.000868667,0.01481059
310,0.2645,0.00976435
311,0.6,0.01052227
312,0.0,0.00602195
313,0.13225,0.0074647
314,0.005595603,0.00132304
315,14.999999998,0.02790116
316,0.0,0.00309921
317,2.116,0.01146895
318,0.0,0.01016291
319,6.799999999,0.02507261
320,0.152585,0.00132304
322,6.0,0.0028375
323,0.2,0.00835096
324,2.801011766,0.0119707
325,0.0,0.00166212
326,1.19025,0.01061714
327,0.0,0.00132306
328,0.1256375,0.01197593
329,0.00302168,0.00135535
330,0.02934,0.00132337
331,2.044626042,0.00132337
332,0.026824688,0.00132457
333,0.02078451,0.00132479
334,0.03513686,0.001325
335,1.48,0.00133133
336,0.017596423,0.00133477
337,0.030340624,0.00133585
338,0.00415143,0.0013439
339,0.00880326,0.0013439
340,0.01837828,0.0013439
341,0.005073193,0.0013439
342,0.00176073,0.0013439
343,0.27,0.0013439
344,0.0278818,0.0013439
345,0.04121508,0.0013439
346,0.02497,0.0013439
347,0.014457418,0.0013439
348,0.05275,0.0013439
349,0.0146824,0.0013649
350,0.0447523,0.0013649
351,0.00537192,0.0013649
352,0.0417,0.00136493
353,0.243,0.00136493
354,0.147,0.0013859
355,0.012571725,0.0013859
356,0.004611,0.0013859
357,0.00392895,0.001386
358,0.01371599,0.00143327
359,0.012544476,0.00143327
360,1.464894,0.001533
361,0.00144452,0.00157764
362,1.183813,0.00157764
363,0.0,0.00293475
364,0.0,0.00293922
365,0.0,0.00291616
366,0.011911263,0.00132337
367,0.08,0.0100677
368,0.251275,0.00997466
369,0.0,0.00310153
370,0.0,0.01070266
371,1.95,0.00283823
372,0.2645,0.00976769
373,0.753825,0.01261047
374,0.0,0.03680019
375,0.0,0.00217564
376,0.0,0.00232815
377,0.0,0.00279267
378,0.0,0.00252926
379,0.0,0.00350269
380,0.0,0.11650449
381,0.0,0.00191684
382,0.0,0.00362433
383,0.0,0.00810682
384,0.0,0.00297819
385,0.0,0.0036615
386,0.0,0.00290928
387,0.0,0.00359399
388,3.30625,0.01258191
389,0.0,0.01188123
390,0.0,0.0120107
391,0.0,0.00222122
392,0.0,0.00351483
393,0.0,0.00740715
394,1.0,0.01703521
395,0.0,0.00394651
396,0.0,0.00787277
397,0.0,0.0137258
398,0.2,0.0276793
399,0.42,0.0120223
400,0.0,0.00190176
403,0.0,0.0045266
404,0.0,0.0040451
405,0.0,0.02675929
406,1.2,0.0991266
407,0.0,0.02436796
408,0.0,0.00635431
409,0.0,0.00335449
410,0.0,0.00366302
411,0.0,0.00240016
412,0.0,0.00617862
413,0.0,0.00192205
414,0.0,0.00667941
415,0.26395,0.01201101
416,0.0,0.0150257
417,0.0,0.00404669
418,0.0,0.00300289
419,0.0,0.00411655
420,0.0,0.01843983
421,0.0,0.00407757
422,0.0,0.00793956
423,0.0,0.01093007
424,0.0,0.00928295
425,0.1,0.01433162
426,0.019047281,0.00849257
427,0.0,0.0189969
428,0.0,0.00350307
429,0.24,0.01099966
430,0.0,0.02118131
431,0.0,0.01243794
432,0.0,0.0122225
433,0.0,0.00343307
434,0.0,0.01122527
435,0.0,0.00377638
436,0.254517169,0.00183331
437,0.011359692,0.00189215
438,0.329978948,0.00189215
439,0.014590212,0.00189215
440,0.041365835,0.001911
441,0.01906936,0.001911
442,0.0,0.00502805
443,0.046851754,0.0020378
444,0.003869372,0.0020378
445,0.007,0.0020378
446,0.01778,0.0020378
447,64.0,0.00206984
448,0.15,0.01621254
449,0.2997,0.00286333
450,0.0,0.01108326
451,500.0,0.00241776
452,3.812632446,0.00257988
453,0.007817863,0.00286652
454,0.0978,0.00286654
455,100.0,0.00310811
456,0.072216932,0.00143998
457,0.12,0.00136811
458,0.0,0.00307676
459,0.0,0.00354598
460,0.1314387,0.00136819
461,0.05128105,0.00136819
462,0.0293619,0.00136825
463,0.3,0.00698201
464,0.0,0.12012852
465,0.07,0.00923356
466,1.0,0.01004008
467,0.0,0.00300654
468,0.00832727,0.00136968
469,0.0,0.00195616
470,0.0,0.00157499
471,0.0,0.03157162
472,0.01,0.00136972
473,0.0,0.00269438
474,0.0,0.00269516
475,0.0,0.00308312
476,0.0,0.01426596
477,0.10315993,0.00136972
478,0.05804487,0.00136972
479,7.37525663,0.00136972
480,0.02213729,0.00136972
481,0.006364914,0.00137079
482,6.995404058,0.00137611
483,0.2185,0.0085137
484,0.38893764,0.00138119
485,0.005628546,0.00138337
486,0.0,0.0027256
487,0.582849497,0.001386
489,0.04,0.00140962
495,0.04,0.001386
496,0.585076285,0.001386
498,0.594527426,0.001386
500,0.598065676,0.001386
501,0.006932112,0.01302023
502,0.32894943,0.00138862
503,5.48228263,0.00138862
504,0.84965744,0.00138862
505,0.014671498,0.00138862
506,0.0,0.00411694
507,0.004,0.00138862
508,1.651516,0.00278889
509,0.029638176,0.00138862
510,0.055552366,0.00138862
511,0.130638246,0.00138862
512,0.037420126,0.00138862
513,0.012898296,0.00138862
514,0.026462496,0.00138862
515,0.157488284,0.00951884
516,0.0,0.01946593
517,0.0,0.00662624
518,0.047725203,0.00139619
519,0.0,0.00538044
520,0.45,0.01646352
521,0.003594548,0.00140281
522,0.00626,0.00140453
523,0.0084,0.00140911
524,0.097251664,0.01047258
525,0.343574,0.01207708
526,0.0,0.00309507
527,0.29011607,0.00140962
528,0.003499216,0.00140962
529,0.043,0.01071222
530,0.0,0.00199086
531,0.09,0.01170138
532,0.894476375,0.00140962
533,0.0,0.00424291
535,0.0,0.00309587
536,0.0,0.0042421
537,0.0263762,0.00140962
538,0.02221502,0.00140962
540,0.0,0.00247799
541,0.0171,0.00140962
542,0.02606287,0.00140962
543,0.0,0.00233561
544,0.0324501,0.00140962
545,0.041779343,0.00302318
546,4.12568913,0.00140962
547,0.0,0.00424297
548,0.0258424,0.00140964
549,0.01,0.00140964
550,0.0,0.00604045
551,0.00977,0.0020378
552,0.01493026,0.0020378
553,0.0,0.00502513
554,0.0,0.00615573
555,0.007,0.00201569
556,0.0,0.00606715
557,0.01382628,0.00201569
558,0.0,0.00503904
559,0.03786,0.00201569
560,1.44724,0.00201569
561,0.07185,0.00201569
562,0.00739,0.00201569
563,0.0,0.00442464
564,0.0,0.00548644
565,0.0,0.00400219
566,0.0,0.00663409
567,0.005794265,0.00178371
568,0.007,0.00178371
569,0.05863,0.0015708
570,0.0,0.00385431
571,0.2427,0.0015708
572,0.01550023,0.0015708
573,0.0,0.0085345
574,0.0,0.00385521
575,0.0,0.00278489
576,0.0,0.00387645
577,0.16034,0.00141247
578,0.00309,0.00141247
579,0.0,0.00350434
580,0.0,0.00366778
581,0.0,0.00316121
582,0.32,0.01091647
583,0.0,0.00274684
584,0.03,0.00147
585,17.273144505,0.00151222
586,0.016515357,0.00152162
587,0.0,0.00254003
588,2.23,0.0022978
589,0.0,0.00302592
590,5.195275063,0.001575
591,2.829349194,0.001575
592,0.546910065,0.001575
593,5.985890489,0.001575
594,10.335507351,0.001575
595,3.568388432,0.001575
596,4.054460654,0.001575
597,2.935037817,0.001575
598,6.683005709,0.001575
599,4.83282155,0.001575
600,5.8001466,0.001575
601,7.35584375,0.001575
602,6.977885654,0.001575
603,8.410698948,0.001575
604,4.710767611,0.001575
605,0.0,0.00625425
606,0.101118205,0.00189215
607,0.0,0.01516318
608,0.052540675,0.00302442
609,0.038229774,0.00302442
610,0.0,0.02257874
611,0.0,0.01799375
612,0.0,0.03057634
613,0.0,0.02931291
614,0.5,0.01455951
615,0.0,0.01891955
616,0.154128543,0.00143325
617,0.0,0.00318326
618,0.1444836,0.013453
619,0.332,0.01131257
620,0.115,0.00575343
621,0.13225,0.01042413
623,0.015,0.00143373
624,0.0,0.00379475
625,0.152088,0.01089945
626,0.012854027,0.00143373
627,0.0,0.0031777
628,0.13225,0.01042417
629,8.00115552,0.03686252
630,0.50255,0.01340409
631,0.016105249,0.00143374
632,0.05,0.00143374
633,0.0,0.0120856
634,1.011082939,0.02628184
635,0.008544,0.00143535
636,0.0,0.00315237
637,0.10925,0.00883294
638,0.0,0.00444043
639,0.0,0.00443959
640,0.02030743,0.00147525
641,0.0,0.00352923
642,0.0,0.0043231
643,0.0351,0.00143808
644,0.0,0.00318606
645,0.10925,0.00885549
646,0.0,0.00437722
647,0.327858,0.00145425
648,0.09572749,0.00143973
649,2.79856026,0.00143973
650,0.0,0.00389425
651,0.0,0.00438953
652,0.27939408,0.00151372
653,0.0,0.00481458
654,0.581089053,0.00180724
655,0.014930066,0.00176722
656,0.003878741,0.00178639
657,0.54464054,0.00166056
658,0.27029885,0.00186895
659,0.012775683,0.00162352
660,0.0,0.00234956
661,0.0,0.00729555
662,0.098379724,0.00145425
663,0.00744297,0.00145425
664,0.244068,0.00145425
665,0.0,0.00460329
666,0.0,0.00448252
667,0.0,0.00455086
668,0.21249749,0.00145834
669,0.02905963,0.00152162
670,0.12204938,0.00145834
671,0.029478022,0.00145834
673,0.0,0.01348956
674,0.1046018,0.00146419
675,0.01,0.00146475
676,1.00499159,0.00147525
677,2.0,0.00147525
678,0.020521049,0.00147525
679,0.195524749,0.00147525
680,0.00386375,0.00147525
681,0.0,0.00290195
682,0.019318754,0.00523987
683,0.27362,0.00147525
685,0.741181421,0.00147525
686,0.11,0.00147525
687,0.10254601,0.00147525
688,0.00636336,0.00147525
689,0.074,0.01031235
690,0.00937,0.00147525
691,0.41501853,0.00147525
692,0.0,0.00317249
693,0.15,0.00147525
694,0.012004595,0.00147525
695,0.880100474,0.00147525
696,0.0133,0.00147527
697,0.0173,0.00147527
698,0.02855806,0.00147527
699,0.0,0.00445351
700,0.0,0.01063541
701,0.0,0.00331234
702,0.0,0.00457902
703,9.998495675,0.00150432
704,0.066244648,0.00150432
705,0.603970169,0.00150432
706,0.003328695,0.00151222
707,15.18,0.00405333
708,0.0,0.00877861
709,0.0,0.00237781
710,0.0,0.00341747
711,0.0,0.00347672
712,0.0,0.00411816
713,0.0,0.00231161
714,0.0,0.00484398
715,0.0,0.0036314
716,0.0,0.00408921
717,0.0,0.00457981
718,0.0,0.00483118
719,0.04,0.00165475
720,0.0,0.00363329
721,0.0,0.00363234
722,0.005,0.00165475
723,0.01241,0.00165475
724,0.11057,0.00165475
725,0.0,0.00490595
726,0.0,0.00435801
727,0.041544416,0.00211362
728,0.01159198,0.002562
729,0.011955795,0.00302442
730,0.03012465,0.00302442
731,0.8,0.01083506
732,0.0,0.00665585
733,0.1,0.01071507
734,0.0,0.01196905
735,0.0,0.01406598
736,0.0,0.01216355
737,0.0,0.01197166
738,0.0,0.01660568
739,0.0,0.07354423
740,0.0,0.00692212
741,0.0,0.017681
742,0.0,0.07115325
743,2.45,0.00808018
744,0.0,0.01431414
745,0.032414283,0.0015122
746,0.0,0.01204289
747,0.0,0.01304354
748,0.001066005,0.00151614
749,0.152088,0.01149967
750,0.29,0.00151268
751,0.095,0.00151268
752,0.92575,0.01186163
753,0.6,0.01203048
754,0.2,0.01136136
755,0.0,0.00210184
756,0.075078,0.00151268
757,0.3769125,0.01399884
758,2.45,0.01152092
759,0.0,0.00921882
760,0.0,0.00325213
761,1.1,0.00151268
762,0.251275,0.01386068
763,0.0,0.00352319
764,0.00528,0.00151268
765,0.01269,0.00151268
766,0.0,0.00595156
767,0.0,0.00336004
768,0.0,0.01142936
769,0.0,0.00900193
770,0.0,0.00219368
771,0.0,0.00357754
772,0.0,0.00339803
773,0.0,0.00753531
774,0.0,0.01180561
775,0.0,0.00335635
776,0.1375,0.00151388
777,0.2,0.01154215
778,0.0,0.00175767
779,0.00534,0.0015143
780,0.00546,0.0015143
781,0.0,0.00338908
782,0.251275,0.01126368
783,0.0,0.00379076
784,0.02,0.00152083
785,0.0,0.00299231
786,0.0,0.0045801
787,0.01,0.001533
788,0.61342354,0.001533
789,0.0,0.00461513
790,0.0,0.00376124
791,1.01608,0.0015332
792,0.0,0.0048061
793,0.0,0.00848133
794,0.0,0.00848104
796,0.0,0.00919106
797,0.0,0.01518968
798,0.0,0.00985949
799,0.0,0.00502581
800,0.0,0.00383503
801,0.09696692,0.0015542
802,0.0,0.00467719
803,0.2171,0.0015542
804,0.011794013,0.0015542
805,0.03548984,0.0015542
806,0.0435,0.0015542
807,8.0,0.09538039
808,0.0,0.00224752
809,1.93703833,0.0015542
810,0.0,0.00467808
811,0.03520082,0.0015542
812,0.0,0.00341162
813,0.0,0.00384073
814,0.0,0.00415512
815,10.0,0.0015542
816,0.0,0.00447566
817,1.0971,0.0015542
818,0.05530661,0.0015542
820,0.0385585,0.0015542
821,0.0,0.00414646
822,0.0,0.00341251
823,0.0,0.00342116
824,0.0,0.00400369
825,0.0,0.00462073
826,0.0,0.00349372
827,0.133247742,0.0015977
828,0.0873,0.00171432
829,0.02468535,0.00171465
830,0.0,0.0090929
831,0.002166507,0.00172997
832,0.073286257,0.00182595
833,0.0,0.02069046
834,0.0,0.00541433
835,0.01238093,0.00517868
836,0.13225,0.01099481
837,0.0,0.0033529
838,0.0,0.01084589
839,0.0,0.00797241
840,1.0,0.0130659
841,0.0,0.01613957
842,1.11e-07,0.01611663
843,1.0,0.00951963
844,0.609699949,0.00853069
845,0.023811762,0.0015043
846,0.041254203,0.00150432
847,0.1,0.00237009
848,0.0,0.00333472
849,0.0,0.00374934
850,0.088,0.00659739
851,0.234452158,0.00866103
852,0.1173597,0.00904987
853,0.0,0.01168315
854,0.12,0.01174669
855,0.088750483,0.00150448
856,0.251275,0.01378319
857,0.0,0.00330081
858,1.5,0.01946172
859,1.0015,0.00150478
860,0.5,0.00150478
861,0.3522,0.00150478
862,0.132098546,0.00150478
863,0.248428287,0.00150478
864,0.000924176,0.0015048
865,0.00265,0.0015048
866,0.0,0.00172226
867,0.0,0.0022144
868,0.0,0.00585654
869,0.0,0.05853597
870,0.15,0.00150535
871,0.0,0.00331629
872,0.0,0.00333621
873,0.0,0.00338616
874,0.0,0.08629863
875,0.3534,0.00150619
876,0.0,0.02927979
877,0.15,0.0015064
878,0.00552,0.0015064
879,0.1,0.00726396
880,0.115,0.00726482
881,0.0,0.00390969
882,0.017,0.0080926
883,0.0,0.00838798
884,0.0,0.02258187
885,0.0,0.00245271
886,0.0,0.00920306
887,0.18,0.00947671
888,0.1,0.01127386
889,0.021,0.01033165
890,0.39675,0.01124563
891,0.1,0.01134709
892,0.0,0.01107412
893,0.0,0.01165221
894,0.304176,0.01160624
895,0.0,0.0028971
896,0.4,0.01283523
897,0.1256375,0.01361997
898,0.1256375,0.01362341
899,0.2,0.0135533
900,0.251275,0.01379001
901,0.1256375,0.0136201
902,0.0,0.01432055
903,0.0,0.01740876
904,0.09,0.01338696
905,0.0586,0.00151372
906,0.289929633,0.00151372
907,0.026594503,0.00151372
908,0.0,0.00248335
909,0.0,0.04214141
910,0.0,0.00297677
911,0.1256375,0.01363459
912,0.0,0.0060593
913,0.027383873,0.0015253
914,0.027385989,0.0015253
915,0.18606635,0.0015253
917,0.092909077,0.0015253
921,0.977,0.0015253
922,0.296808,0.0015253
923,0.027384931,0.0015253
927,1.1503462,0.0015253
931,0.027036389,0.00152929
932,0.080539322,0.00152929
933,0.027035331,0.00152929
934,0.027034273,0.00152929
936,0.482134096,0.00152929
939,0.57750315,0.0015358
940,0.0,0.00572404
941,0.000293366,0.0015463
942,0.009021013,0.0015463
943,0.040173131,0.0015463
944,0.0,0.00251767
945,0.164379,0.0015463
946,0.070411787,0.0015463
947,0.014852568,0.0015463
948,0.0880838,0.00154632
949,0.0,0.00338177
950,0.019,0.0015497
951,0.0,0.00334905
952,0.01733395,0.00155065
953,0.120057,0.00801987
954,0.294320399,0.0015673
955,0.435575033,0.0015673
956,0.997375,0.0015673
957,0.014985,0.0015673
958,0.0,0.00465157
959,0.0,0.00256089
960,0.0,0.00383549
961,0.0,0.00257724
962,7.980960165,0.001575
963,0.0,0.00378745
964,0.036521522,0.00158147
965,0.0,0.00332617
966,0.0,0.00339244
967,0.0,0.00339516
968,0.0,0.00339604
969,0.0,0.00465429
973,0.012818861,0.0015977
974,0.057904791,0.0015977
975,0.0,0.00346967
976,0.0,0.00381657
977,0.0,0.0038212
978,0.0,0.00381194
979,0.0,0.00624712
980,0.0,0.00422912
981,0.0,0.0045853
982,0.0,0.00357924
983,0.0,0.01030287
984,0.39,0.01019647
985,0.415,0.0102268
986,0.645625155,0.001785
987,0.054784201,0.01100371
988,0.0,0.0027125
989,0.242181061,0.0018907
990,0.312636113,0.0018907
991,0.0,0.00369002
992,0.18881225,0.00189215
993,0.0,0.01180731
994,0.05,0.01253857
995,0.0,0.00327897
996,0.0,0.00920935
998,0.0,0.00557286
999,0.0,0.00449409
1000,0.0,0.0048445
1001,0.0,0.14035955
1002,0.0,0.01196751
1003,0.0,0.02609079
1004,0.0,0.00785138
1005,0.067769045,0.0015216
1006,0.154826707,0.00831946
1007,0.13484545,0.00152209
1008,0.115,0.0061098
1009,0.54625,0.00939274
1010,0.0,0.01158597
1011,0.0,0.00475508
1012,0.18,0.00152209
1013,0.0,0.00334113
1014,0.33,0.0015426
1015,1.53199419,0.0015531
1016,0.005865805,0.0015636
1017,0.020420821,0.00933474
1018,0.184334876,0.0015221
1019,0.08,0.0015221
1020,0.00936053,0.0015636
1021,0.11585774,0.0015636
1022,0.0,0.00442158
1023,0.175974157,0.0015636
1024,0.0,0.00384416
1025,0.251275,0.01395031
1026,0.027637989,0.0015426
1027,0.027870833,0.0015426
1028,0.027898294,0.0015426
1030,0.027869827,0.0015426
1034,0.027576294,0.00154664
1035,0.027315989,0.00154664
1036,0.027547827,0.00154664
1039,0.027317047,0.00154664
1042,0.027548833,0.00154664
1048,0.0,0.00335746
1049,0.071156561,0.0015321
1051,0.0,0.00444489
1052,0.0,0.00470604
1053,0.575,0.0015221
1054,0.251275,0.01394422
1055,0.0,0.00458501
1056,0.0,0.00645649
1057,0.0,0.00309534
1058,0.0,0.0483
1059,0.0,0.0323353
1060,0.0,0.00824555
1061,0.04365727,0.0015426
1062,0.01452051,0.0015426
1063,0.003820617,0.0015426
1064,0.27850126,0.0015426
1065,1.6360804,0.0015426
1067,0.01441657,0.0015426
1068,0.11649838,0.0015426
1069,0.0595025,0.0015426
1070,0.0,0.00401638
1071,0.024014238,0.00160417
1072,0.031,0.00160417
1073,0.0,0.00433295
1074,0.0,0.00482849
1075,0.015,0.00160417
1076,0.0,0.00265796
1077,0.0,0.00394191
1079,0.985935119,0.00160417
1080,0.0,0.00352131
1081,0.85791,0.00160417
1082,0.000859966,0.00176363
1083,0.003809847,0.00152162
1084,0.001172753,0.00152162
1085,0.0,0.00335511
1086,0.0,0.00220389
1087,0.0,0.00458089
1088,0.051286409,0.00152162
1089,0.0,0.0078071
1090,0.0,0.00382805
1091,0.07,0.0066724
1092,0.02,0.00979196
1093,0.0,0.00825004
1094,0.0,0.00829004
1095,0.0,0.00337453
1096,0.0,0.01166196
1097,0.0,0.01570754
1098,0.0,0.01569304
1099,0.0,0.03035131
1100,0.0,0.00629301
1101,0.0,0.00334011
1102,0.00495102,0.00152162
1103,0.1,0.01182442
1104,0.005,0.00330582
1105,0.0,0.00386962
1106,0.02275724,0.00152209
1107,0.13225,0.01106479
1108,0.0,0.00339824
1109,1.503244243,0.00152209
1110,0.02719577,0.00152209
1111,0.001099738,0.00152556
1112,0.1,0.0015221
1113,0.2,0.0015221
1115,0.0,0.00190284
1116,0.0,0.00212884
1117,0.0,0.00361673
1118,0.0,0.00461618
1119,0.2645,0.01123429
1120,0.2645,0.01123516
1121,0.10925,0.00936507
1122,0.0,0.00893888
1123,0.0,0.00951924
1124,0.0,0.00992803
1125,0.0,0.01890969
1126,0.0,0.01635313
1127,0.003985468,0.0015221
1128,0.0,0.00916024
1129,0.10925,0.00937029
1130,0.0,0.00335457
1131,0.0,0.00220371
1132,0.39,0.01483936
1133,0.0,0.01348302
1134,0.0,0.00354411
1135,0.437,0.0093946
1136,0.03,0.01334194
1137,0.437818645,0.02987634
1138,0.0,0.00334862
1139,0.15,0.00963323
1140,0.062085738,0.00153125
1141,0.01260412,0.00153125
1142,0.025701271,0.00153125
1143,0.00667681,0.001533
1144,0.0,0.001533
1145,2.934181083,0.00154203
1146,0.027772294,0.0015426
1148,0.027773352,0.0015426
1152,0.00289637,0.0015426
1153,0.02765742,0.00154664
1155,0.106142633,0.0015426
1156,0.027774411,0.0015426
1157,0.00403941,0.0015426
1158,0.00636315,0.0015426
1160,0.027438611,0.00154664
1162,0.027437552,0.00154664
1166,0.00744321,0.0015426
1167,0.04400234,0.0015426
1169,0.03459071,0.0015426
1170,0.027441785,0.00154664
1171,0.10747,0.0015426
1172,0.027439669,0.00154664
1177,0.01,0.0015531
1178,0.02,0.0015531
1179,0.0336634,0.0015636
1180,0.10370397,0.0015636
1181,0.66508487,0.0015636
1182,0.0187,0.00156362
1183,0.0175,0.001567
1184,0.10925,0.00936585
1185,0.0,0.01120007
1186,1.0,0.0126735
1187,0.0,0.00334555
1188,0.0,0.00458541
1189,0.0,0.00867409
1190,0.85,0.0015279
1191,0.0,0.00393559
1192,0.0,0.00837936
1193,0.0,0.00871528
1194,0.0,0.0239026
1195,0.0,0.01472711
1196,0.0,0.01404491
1197,0.0,0.00483464
1198,0.0,0.01318483
1199,0.0,0.0096984
1200,0.0,0.00343405
1201,64.0,0.00734217
1202,0.0,0.00356234
1203,0.19852054,0.00158941
1204,0.0,0.00475599
1205,1.997878023,0.00163156
1206,0.0,0.0111871
1207,0.7333505,0.00167709
1208,0.2,0.01365805
1209,0.004430348,0.00178559
1210,0.004666016,0.00178559
1211,0.002256093,0.00178559
1212,0.0,0.00316037
1213,0.0,0.00667487
1214,0.0,0.01490465
1215,0.0,0.01754141
1216,0.0,0.00940687
1217,0.065627108,0.00157557
1218,1.53,0.00157605
1219,0.10925,0.00969802
1220,1.114279082,0.00157607
1221,0.0,0.00157607
1222,0.6,0.00157607
1223,0.0,0.00349693
1224,0.50255,0.01472757
1225,0.0,0.0140365
1226,0.0,0.00224627
1227,0.0,0.00310028
1228,0.078105276,0.00157607
1229,0.0,0.00266904
1230,0.070710049,0.00157607
1231,0.672,0.01409684
1232,0.32775,0.00973037
1233,0.0,0.00362744
1234,0.75,0.00935482
1235,0.0,0.00458472
1236,0.0,0.00347756
1237,0.0,0.00309938
1238,0.0,0.00418019
1239,0.0,0.00348154
1240,0.0,0.00351524
1241,0.10925,0.00969442
1242,0.0,0.00349137
1243,0.3,0.01177686
1244,0.0,0.00438456
1245,0.054979018,0.00157607
1246,0.0,0.01016604
1247,0.073342,0.00157607
1248,0.10925,0.00969622
1249,0.001102462,0.00157967
1250,0.0,0.0047439
1251,0.024005093,0.00157607
1252,0.048704122,0.00157607
1253,0.0,0.00350045
1254,0.255,0.00908065
1255,0.0,0.00555363
1256,0.05,0.00157607
1257,0.05,0.01428853
1258,0.5,0.01427164
1259,0.54625,0.00972677
1260,0.0,0.00347036
1261,0.1256375,0.01426703
1262,0.6555,0.009725
1263,0.115,0.00760803
1264,0.2645,0.01163356
1265,2.1358375,0.01661696
1266,0.1256375,0.01426613
1267,0.2645,0.01163507
1268,0.0,0.00310343
1270,0.008928,0.00157767
1271,0.0,0.00288564
1272,4.0,0.00157809
1273,0.00587575,0.00157809
1274,0.0,0.01429385
1275,0.070333657,0.00158941
1276,0.0,0.00800651
1277,0.02765742,0.00160075
1278,0.027994225,0.00159657
1279,0.02799322,0.00159657
1280,0.031766023,0.00160075
1282,0.033091983,0.00160075
1283,0.034839666,0.00159657
1286,0.030166969,0.00159657
1288,0.027673589,0.00160075
1290,0.027658425,0.00160075
1292,0.027995231,0.00159657
1295,0.035784294,0.00159657
1298,0.03478538,0.00160075
1299,0.030578425,0.00160075
1300,0.0,0.00280753
1301,0.87976252,0.00160075
1302,0.0665982,0.00160075
1303,0.30852843,0.00159657
1304,0.154034353,0.00159657
1305,0.660501961,0.00159657
1306,0.0515982,0.00160075
1307,0.143843144,0.00160075
1308,29.809328945,0.00160075
1309,1.206168345,0.00160075
1310,18.45962394,0.00159657
1311,0.094568091,0.00159657
1312,0.077711598,0.00159657
1313,4.112735821,0.00159657
1314,0.130925501,0.00159657
1315,3.533910876,0.00159657
1316,0.2885982,0.00160075
1317,0.093843461,0.00160075
1318,0.331149362,0.00160075
1319,0.290334,0.00159657
1320,0.065597634,0.00160075
1321,0.038010958,0.00160075
1322,0.078301856,0.00159657
1323,0.378789691,0.00160075
1324,10.0,0.01497001
1325,2.55974,0.00159657
1326,0.0,0.00355415
1327,0.002625,0.00160707
1328,2.87,0.001617
1329,0.01,0.00962094
1330,0.0,0.00265243
1331,0.0357613,0.00161757
1332,0.15903429,0.00161757
1333,0.0,0.00400211
1334,0.0,0.01409723
1335,0.25,0.00161757
1336,0.07,0.00161757
1337,0.019332686,0.00161757
1338,0.0,0.01892146
1339,0.0,0.00358046
1340,0.294,0.01485457
1341,0.21211,0.00161757
1342,0.001886794,0.00161757
1343,0.02664063,0.00161757
1344,0.045,0.01314417
1345,0.002227584,0.00161757
1346,0.0,0.00472923
1347,0.0,0.00436944
1348,0.094886215,0.00163857
1349,0.0,0.01005416
1350,0.0,0.00378097
1351,0.349999999,0.01560386
1352,0.176038258,0.001806
1353,0.0,0.01587263
1354,0.003298089,0.00194011
1355,0.0,0.00824485
1356,0.175901267,0.00291666
1357,0.0,0.01021325
1358,0.048113877,0.00382264
1359,0.0,0.00359363
1364,0.0,0.01213042
1365,0.0,0.01117421
1366,0.0,0.01352311
1367,0.0,0.01231901
1368,0.0,0.0128343
1369,0.0,0.01332959
1370,0.25,0.01367115
1371,0.0,0.01050898
1372,0.0,0.01129041
1373,1.0,0.01875988
1374,1.5,0.01875307
1375,1.55,0.02177047
1377,6.34,0.01609941
1379,0.036169283,0.00145832
1380,0.0,0.00389118
1381,0.0,0.00371086
1382,0.0,0.0137348
1383,0.1256375,0.01320738
1384,0.0,0.00948477
1385,0.345,0.00707027
1386,0.00564,0.00146042
1387,9.94533258,0.01244721
1388,0.115,0.00147932
1389,0.03238,0.00147932
1391,0.03599678,0.00150032
1392,0.03550963,0.00150034
1393,0.05429828,0.00150034
1394,0.13367225,0.00150034
1395,0.0262,0.00150034
1396,0.008749629,0.00150034
1397,0.00879865,0.00150034
1398,0.0,0.00444729
1399,0.007363666,0.00146076
1400,0.38,0.00899684
1401,0.00302065,0.00149306
1402,0.003605686,0.00145834
1403,2.0,0.00706878
1404,0.02,0.00145834
1405,0.05,0.00145834
1406,0.2804,0.00145834
1407,0.0243,0.00145834
1408,0.0,0.00321855
1409,0.3,0.00145834
1410,0.0155,0.00145834
1411,0.0,0.00438786
1412,0.0,0.00336703
1413,0.0,0.01204304
1414,0.028412691,0.00145834
1415,0.234167037,0.00145834
1416,0.001466938,0.00243431
1417,0.0,0.0043887
1418,0.3,0.00706795
1419,0.345,0.00706711
1420,0.1,0.00704052
1421,0.09,0.00391057
1422,0.285,0.00900435
1423,0.095,0.00897525
1424,0.19,0.00899851
1425,0.475,0.00899935
1426,0.0,0.00702989
1427,0.1,0.00703968
1428,0.2,0.00706795
1430,0.19,0.00900101
1431,0.285,0.00900185
1432,0.19,0.00900018
1433,0.10925,0.00897692
1435,5.51,0.00899935
1436,0.10925,0.00897191
1437,0.2185,0.00900601
1438,0.10925,0.00897358
1439,0.115,0.00704052
1441,0.2185,0.00900185
1442,0.0,0.00383599
1443,0.32775,0.00900435
1444,0.23,0.00706795
1445,1.425,0.00900185
1446,0.19,0.00899768
1447,0.095,0.00897692
1448,0.095,0.00897191
1451,0.285,0.00900101
1453,0.095,0.00897775
1454,0.10925,0.00897442
1456,1.14,0.00900435
1457,0.2185,0.00899851
1458,1.615,0.00900351
1460,0.0,0.00323105
1461,0.19,0.00900268
1462,0.19,0.00899685
1464,0.475,0.00900101
1466,0.10925,0.00897025
1468,0.32775,0.00900101
1469,0.98325,0.00900101
1472,2.09,0.00900101
1473,0.32775,0.00900018
1474,0.437,0.00899768
1476,0.10925,0.01319881
1477,0.0,0.00600371
1478,0.0,0.01543854
1479,0.0,0.01120012
1480,0.0,0.01678418
1481,0.029306519,0.00145834
1482,0.096101077,0.00145834
1483,0.013,0.00145834
1484,1.0,0.00145834
1486,0.070498,0.00145834
1487,0.084080922,0.00145834
1488,0.028720389,0.00145834
1489,0.001348074,0.00145834
1490,0.027316404,0.00145853
1491,0.0,0.00145881
1492,0.0665,0.00145881
1493,0.03,0.00145881
1494,0.1,0.00145881
1495,0.4851,0.00145881
1496,0.15,0.00145881
1497,0.058,0.00145881
1498,0.038,0.00145881
1499,0.000483504,0.00145881
1500,0.11332983,0.00145917
1501,12.99826119,0.00146042
1502,0.15789411,0.00146042
1503,0.08383838,0.00146042
1504,1.55819231,0.00146042
1505,0.15050682,0.00146042
1506,0.46134343,0.00146042
1508,0.05193,0.00146042
1509,32.70882815,0.00146042
1510,0.34518012,0.00146042
1511,0.1,0.00146694
1512,0.15,0.00146697
1513,0.0268,0.00146882
1514,0.0070069,0.00147932
1515,0.00986279,0.00147932
1516,0.014668477,0.00148407
1517,0.0239061,0.00148982
1518,0.00036918,0.00149471
1519,0.002656133,0.00150032
1520,0.015519496,0.00150032
1521,0.003929411,0.00150032
1522,0.20835853,0.00150032
1523,0.002121304,0.00150032
1524,0.036061,0.00150032
1525,0.04494629,0.00150032
1526,0.013499158,0.00151082
1527,0.058988,0.001512
1528,0.115616127,0.00151372
1529,1.4665,0.00155208
1530,0.01743572,0.00155208
1531,0.14,0.0015557
1532,0.206062022,0.00158147
1533,0.03806138,0.00172372
1534,0.018777007,0.00186262
1535,0.11,0.01394893
1536,0.0,0.04606443
1537,0.0,0.00327279
1538,0.0,0.039598
1539,0.0,0.00327272
1540,0.0,0.00320203
1542,0.2,0.00639573
1543,0.0,0.00323807
1544,0.13225,0.01108409
1545,0.043999108,0.01079297
1546,0.031772311,0.01010971
1547,0.69,0.01129742
1548,0.087919559,0.01024971
1549,5.0255,0.0165644
1550,0.41075895,0.01318528
1551,2.73125,0.01644134
1552,0.2,0.0148714
1553,0.0,0.00972665
1554,0.0,0.01169173
1555,0.0,0.02292825
1556,0.0,0.02909398
1557,0.0,0.00325916
1558,0.33797047,0.00597801
1559,0.0,0.00377887
1560,0.2185,0.01336019
1561,0.1256375,0.01368395
1562,0.0,0.00323851
1563,45.0,0.00556196
1564,0.0,0.00338084
1565,0.0,0.00371866
1566,0.0,0.00337341
1567,0.0,0.0029557
1568,0.0,0.00320634
1569,0.0,0.00594725
1570,0.0,0.00280558
1571,0.0,0.00386837
1572,0.115,0.00822913
1573,0.115,0.01060492
1574,0.2645,0.01124847
1575,0.23,0.010764
1576,0.0587,0.0111194
1578,0.345,0.01089891
1580,0.10925,0.01320315
1581,0.575,0.01116705
1582,0.13225,0.01108855
1584,0.2185,0.01336306
1585,0.1256375,0.01368928
1586,0.3,0.01345677
1587,0.0,0.01264275
1588,0.0,0.01163387
1589,0.0,0.01447767
1590,0.0,0.01739628
1591,0.01,0.0136872
1592,0.12,0.01262344
1593,0.2185,0.01336811
1594,0.0,0.02819066
1595,0.5,0.01063286
1596,0.0,0.00338212
1597,0.0,0.00323507
1598,0.0,0.00279702
1599,0.0,0.00362059
1600,0.0,0.00357508
1601,0.0,0.0032053
1602,0.0,0.00320736
1603,0.0,0.00287278
1604,1.651798524,0.00825826
1605,0.0,0.01100461
1606,0.0,0.00320734
1607,0.0,0.02407111
1608,0.1,0.0070952
1609,0.0,0.00334493
1610,0.0,0.00451589
1611,0.0,0.00410516
1612,0.0,0.01049017
1613,0.000618121,0.01146316
1614,0.06515693,0.01456904
1615,0.0,0.01374386
1616,0.0,0.01726731
1617,0.0,0.00455624
1618,0.10747828,0.00151372
1619,0.0,0.0155329
1620,0.0,0.01073229
1621,0.0,0.00342095
1622,0.0,0.00347101
1623,0.098420167,0.00156808
1624,0.0,0.00346908
1625,0.0,0.00263441
1626,0.0,0.00286937
1627,0.0,0.00330141
1628,0.0,0.01739184
1629,0.0,0.00414981
1630,0.0,0.00370784
1631,0.0,0.00501448
1632,0.13,0.00229136
1633,0.004762841,0.00302743
1634,0.0,0.02774276
1635,0.025063292,0.00159378
1636,0.014742625,0.0015142
1637,0.3,0.0215924
1638,0.0,0.00365853
1639,0.92,0.0120085
1640,0.10925,0.01370181
1641,0.08507,0.0015142
1642,0.02,0.0015142
1643,0.1256375,0.01420294
1644,0.0,0.00922546
1645,0.10925,0.01370354
1646,0.014665293,0.0015142
1647,0.169673304,0.0015142
1648,0.0,0.01662776
1649,0.1256375,0.01420207
1650,0.0,0.00336369
1651,0.10925,0.01370008
1652,0.2185,0.01387039
1653,0.0,0.01321517
1654,0.437,0.01414872
1655,0.0,0.00337912
1656,0.0,0.00333492
1657,0.2185,0.0138678
1658,0.23,0.01117266
1659,0.0,0.00335338
1660,0.04,0.0015142
1661,0.0,0.01177747
1662,0.029055263,0.0015142
1663,0.13225,0.01150953
1664,0.8794625,0.01506474
1665,0.055175004,0.0015142
1666,0.115,0.01100754
1667,0.02,0.01151061
1668,0.1,0.0015142
1669,0.2185,0.01122241
1670,0.0,0.00195512
1671,0.10925,0.01370614
1672,0.132,0.0015142
1673,0.0,0.00219588
1674,0.1256375,0.01420553
1675,0.1,0.01090262
1676,0.2185,0.01386606
1677,0.0,0.0015142
1678,0.06897448,0.0015142
1679,0.03,0.0015142
1680,0.0,0.01142683
1681,0.0,0.00175279
1682,0.0,0.01162036
1683,0.0,0.00371297
1684,0.0,0.01380468
1685,0.25,0.0015142
1686,0.10925,0.01370359
1687,0.2185,0.01386794
1688,2.875,0.01437542
1689,0.036405242,0.00151423
1690,0.0,0.00151426
1691,0.0,0.02520798
1692,0.0,0.00557368
1693,0.0,0.00374584
1694,0.0,0.00395167
1695,0.02905954,0.00158147
1696,0.157100353,0.00152757
1697,0.13654613,0.00152757
1698,0.02711535,0.00163388
1699,0.64460666,0.00151931
1700,0.02640628,0.00151931
1701,1.20827785,0.00151931
1702,0.023402644,0.00151931
1703,1.046997467,0.00151931
1704,0.043159977,0.00152234
1705,0.095,0.00662508
1706,0.0,0.003004
1707,0.010235,0.001533
1708,0.006401862,0.001533
1709,0.0,0.00485628
1710,0.0,0.00336595
1711,0.0,0.00377256
1712,0.03676456,0.0015347
1713,0.0,0.00273937
1714,0.10556163,0.0015347
1715,0.0074173,0.0015435
1716,0.0,0.00721478
1717,0.0,0.00340787
1718,0.0,0.00468348
1719,0.0411,0.0015557
1720,0.0,0.01114425
1721,0.154613386,0.0121196
1722,0.0439,0.01087437
1723,0.01760041,0.0015557
1724,0.0,0.00379977
1725,0.04020315,0.0015557
1726,0.29,0.0015557
1727,0.0,0.0038031
1728,0.1678,0.00155572
1729,1.0,0.00155572
1730,0.0,0.0074577
1731,0.0,0.0043571
1732,0.381419987,0.00158147
1733,0.136900435,0.00158147
1734,0.008,0.0016187
1735,0.10925,0.01511501
1736,0.007804791,0.00170729
1737,0.06017,0.00173962
1738,0.03848,0.00173962
1739,0.0,0.00374102
1740,0.0,0.00674529
1741,0.0,0.00553547
1742,0.020976334,0.00189777
1743,11.0,0.02379223
1744,0.007971151,0.00202884
1745,0.0,0.00497697
1746,0.01913,0.00232813
1747,0.0,0.002562
1748,0.0,0.02161504
1749,0.0,0.01439316
1750,0.5,0.01878268
1751,0.0,0.01609528
1752,0.0,0.00869551
1753,0.03,0.01507952
